日期,etf_name,flow_raw,s_i,y_slog,etf_code
2025-05-06,国泰中证800汽车与零部件ETF,7715081.7697,6464052.67445,0.7855150085514475,516110.0
2025-05-07,国泰中证800汽车与零部件ETF,-5150999.9122,6464052.67445,-0.5860454236100574,516110.0
2025-05-08,国泰中证800汽车与零部件ETF,2574419.6085,6464052.67445,0.3352336947944193,516110.0
2025-05-09,国泰中证800汽车与零部件ETF,-1285907.9683,6464052.67445,-0.1814312949180561,516110.0
2025-05-12,国泰中证800汽车与零部件ETF,1298075.843,6464052.67445,0.1830001199899056,516110.0
2025-05-13,国泰中证800汽车与零部件ETF,1308130.122,6464052.67445,0.18429458103175947,516110.0
2025-05-14,国泰中证800汽车与零部件ETF,0.0,6464052.67445,0.0,516110.0
2025-05-15,国泰中证800汽车与零部件ETF,-10373108.7217,6464052.67445,-0.9573319613523557,516110.0
2025-05-16,国泰中证800汽车与零部件ETF,3936733.2765,6464052.67445,0.4756249054191565,516110.0
2025-05-19,国泰中证800汽车与零部件ETF,1305775.866,6464052.67445,0.1839916271904614,516110.0
2025-05-20,国泰中证800汽车与零部件ETF,-9199992.4255,6464052.67445,-0.8851114949148349,516110.0
2025-05-21,国泰中证800汽车与零部件ETF,1335353.9522,6464052.67445,0.18779118721593388,516110.0
2025-05-22,国泰中证800汽车与零部件ETF,0.0,6464052.67445,0.0,516110.0
2025-05-23,国泰中证800汽车与零部件ETF,-9631087.8073,6464052.67445,-0.912260922918396,516110.0
2025-05-26,国泰中证800汽车与零部件ETF,-9352995.0746,6464052.67445,-0.8948318597409783,516110.0
2025-05-27,国泰中证800汽车与零部件ETF,-11801550.3085,6464052.67445,-1.0387632026505103,516110.0
2025-05-28,国泰中证800汽车与零部件ETF,0.0,6464052.67445,0.0,516110.0
2025-05-29,国泰中证800汽车与零部件ETF,3920786.9896,6464052.67445,0.47409054794309774,516110.0
2025-05-30,国泰中证800汽车与零部件ETF,-7750815.8686,6464052.67445,-0.7880320272178098,516110.0
2025-06-03,国泰中证800汽车与零部件ETF,-5101711.9959,6464052.67445,-0.5817929427739633,516110.0
2025-06-04,国泰中证800汽车与零部件ETF,2556501.9226,6464052.67445,0.33324934736545736,516110.0
2025-06-05,国泰中证800汽车与零部件ETF,11542909.9745,6464052.67445,1.0245020268540712,516110.0
2025-06-06,国泰中证800汽车与零部件ETF,1274184.9707,6464052.67445,0.179917497170794,516110.0
2025-06-09,国泰中证800汽车与零部件ETF,1278149.8919,6464052.67445,0.18042974633587316,516110.0
2025-06-10,国泰中证800汽车与零部件ETF,2552450.7559,6464052.67445,0.3328001425381548,516110.0
2025-06-11,国泰中证800汽车与零部件ETF,11700160.4364,6464052.67445,1.033196875682105,516110.0
2025-06-12,国泰中证800汽车与零部件ETF,19494652.0609,6464052.67445,1.3902505258795184,516110.0
2025-06-13,国泰中证800汽车与零部件ETF,5144885.7882,6464052.67445,0.5855188884311318,516110.0
2025-06-16,国泰中证800汽车与零部件ETF,-1274465.0009,6464052.67445,-0.17995368436820477,516110.0
2025-06-17,国泰中证800汽车与零部件ETF,-5071004.5219,6464052.67445,-0.5791343800385091,516110.0
2025-06-18,国泰中证800汽车与零部件ETF,-16493229.5239,6464052.67445,-1.2673787232134786,516110.0
2025-06-19,国泰中证800汽车与零部件ETF,-11413655.3012,6464052.67445,-1.0172981021676342,516110.0
2025-06-20,国泰中证800汽车与零部件ETF,0.0,6464052.67445,0.0,516110.0
2025-06-23,国泰中证800汽车与零部件ETF,-2502272.6778,6464052.67445,-0.327219462330902,516110.0
2025-06-24,国泰中证800汽车与零部件ETF,-10222256.4618,6464052.67445,-0.9483321009128464,516110.0
2025-06-25,国泰中证800汽车与零部件ETF,-5147988.478,6464052.67445,-0.5857861200354734,516110.0
2025-06-26,国泰中证800汽车与零部件ETF,-2568132.3023,6464052.67445,-0.3345378367120767,516110.0
2025-06-27,国泰中证800汽车与零部件ETF,-2560595.4399,6464052.67445,-0.33370304327962197,516110.0
2025-06-30,国泰中证800汽车与零部件ETF,7681651.8803,6464052.67445,0.7831545428892529,516110.0
2025-07-01,国泰中证800汽车与零部件ETF,-1282685.6908,6464052.67445,-0.18101542860423323,516110.0
2025-07-02,国泰中证800汽车与零部件ETF,-1280066.9618,6464052.67445,-0.18067732867139638,516110.0
2025-07-03,国泰中证800汽车与零部件ETF,1290740.6271,6464052.67445,0.1820546726219343,516110.0
2025-07-04,国泰中证800汽车与零部件ETF,-1296552.2512,6464052.67445,-0.18280381541372026,516110.0
2025-07-07,国泰中证800汽车与零部件ETF,-1292732.0391,6464052.67445,-0.18231143721532414,516110.0
2025-07-08,国泰中证800汽车与零部件ETF,6480327.1415,6464052.67445,0.6944052328183786,516110.0
2025-07-09,国泰中证800汽车与零部件ETF,2595000.5847,6464052.67445,0.33750814773269217,516110.0
2025-07-10,国泰中证800汽车与零部件ETF,-1285912.3182,6464052.67445,-0.18143185619816832,516110.0
2025-07-11,国泰中证800汽车与零部件ETF,3855690.8268,6464052.67445,0.467802435135033,516110.0
2025-07-14,国泰中证800汽车与零部件ETF,-12804398.5043,6464052.67445,-1.0922126343760572,516110.0
2025-07-15,国泰中证800汽车与零部件ETF,-7750500.8176,6464052.67445,-0.7880098634890063,516110.0
2025-07-16,国泰中证800汽车与零部件ETF,-1298679.6584,6464052.67445,-0.18307790689004294,516110.0
2025-07-17,国泰中证800汽车与零部件ETF,6529888.5805,6464052.67445,0.6982267214320678,516110.0
2025-07-18,国泰中证800汽车与零部件ETF,10412586.2163,6464052.67445,0.9596738814151907,516110.0
2025-07-21,国泰中证800汽车与零部件ETF,14375299.7568,6464052.67445,1.1705866729663876,516110.0
2025-07-22,国泰中证800汽车与零部件ETF,-2612277.0962,6464052.67445,-0.3394134305379026,516110.0
2025-07-23,国泰中证800汽车与零部件ETF,24943409.9278,6464052.67445,1.5717356391673678,516110.0
2025-07-24,国泰中证800汽车与零部件ETF,19741653.2053,6464052.67445,1.399720698646447,516110.0
2025-07-25,国泰中证800汽车与零部件ETF,14429085.0294,6464052.67445,1.1731642954473662,516110.0
2025-07-28,国泰中证800汽车与零部件ETF,14426220.9819,6464052.67445,1.1730272052763508,516110.0
2025-07-29,国泰中证800汽车与零部件ETF,6531927.4227,6464052.67445,0.6983836162665353,516110.0
2025-07-30,国泰中证800汽车与零部件ETF,11713962.2529,6464052.67445,1.0339564227934728,516110.0
2025-07-31,国泰中证800汽车与零部件ETF,5117804.6618,6464052.67445,0.5831833809354381,516110.0
2025-08-01,国泰中证800汽车与零部件ETF,3826562.1557,6464052.67445,0.4649758282390483,516110.0
2025-08-04,国泰中证800汽车与零部件ETF,-3822749.268,6464052.67445,-0.4646052386955917,516110.0
2025-08-05,国泰中证800汽车与零部件ETF,-6461964.8176,6464052.67445,-0.692985670005719,516110.0
2025-08-06,国泰中证800汽车与零部件ETF,-1301508.6406,6464052.67445,-0.18344227174499028,516110.0
2025-08-07,国泰中证800汽车与零部件ETF,-3902261.4459,6464052.67445,-0.4723050521760587,516110.0
2025-08-08,国泰中证800汽车与零部件ETF,-6466140.5313,6464052.67445,-0.6933086650327249,516110.0
2025-08-11,国泰中证800汽车与零部件ETF,0.0,6464052.67445,0.0,516110.0
2025-08-12,国泰中证800汽车与零部件ETF,-19777651.0959,6464052.67445,-1.3944076872136504,516110.0
2025-08-13,国泰中证800汽车与零部件ETF,-1321848.5345,6464052.67445,-0.1860580907352108,516110.0
2025-08-14,国泰中证800汽车与零部件ETF,-10544892.7795,6464052.67445,-0.9674829387539372,516110.0
2025-08-15,国泰中证800汽车与零部件ETF,0.0,6464052.67445,0.0,516110.0
2025-08-18,国泰中证800汽车与零部件ETF,-1342771.5569,6464052.67445,-0.18874178256801566,516110.0
2025-08-19,国泰中证800汽车与零部件ETF,14802817.1661,6464052.67445,1.1908939851884106,516110.0
2025-08-20,国泰中证800汽车与零部件ETF,75885125.3241,6464052.67445,1.5717356391673678,516110.0
2025-08-21,国泰中证800汽车与零部件ETF,-2786387.6988,6464052.67445,-0.35841468823056577,516110.0
2025-08-22,国泰中证800汽车与零部件ETF,15425397.203,6464052.67445,1.2197483099129236,516110.0
2025-08-25,国泰中证800汽车与零部件ETF,-11258822.1783,6464052.67445,-1.008599699678192,516110.0
2025-08-26,国泰中证800汽车与零部件ETF,4253641.4192,6464052.67445,0.5056395592208865,516110.0
2025-08-27,国泰中证800汽车与零部件ETF,-7105673.4536,6464052.67445,-0.74158482140079,516110.0
2025-08-28,国泰中证800汽车与零部件ETF,-8339160.6751,6464052.67445,-0.8285878053366932,516110.0
2025-08-29,国泰中证800汽车与零部件ETF,32675650.5268,6464052.67445,1.5717356391673678,516110.0
2025-09-01,国泰中证800汽车与零部件ETF,0.0,6464052.67445,0.0,516110.0
2025-09-02,国泰中证800汽车与零部件ETF,11410333.8113,6464052.67445,1.0171122954360512,516110.0
2025-09-03,国泰中证800汽车与零部件ETF,-2883191.2581,6464052.67445,-0.36882506319673214,516110.0
2025-09-04,国泰中证800汽车与零部件ETF,43686635.0659,6464052.67445,1.5717356391673678,516110.0
2025-09-05,国泰中证800汽车与零部件ETF,41331810.7143,6464052.67445,1.5717356391673678,516110.0
2025-09-08,国泰中证800汽车与零部件ETF,-5814387.79,6464052.67445,-0.6415884465656428,516110.0
2025-09-09,国泰中证800汽车与零部件ETF,13115348.0774,6464052.67445,1.1082215614396391,516110.0
2025-09-10,国泰中证800汽车与零部件ETF,5807225.7496,6464052.67445,0.6410049742549645,516110.0
2025-09-11,国泰中证800汽车与零部件ETF,31821364.682,6464052.67445,1.5717356391673678,516110.0
2025-09-12,国泰中证800汽车与零部件ETF,-15961368.935,6464052.67445,-1.2439387385559955,516110.0
2025-09-15,国泰中证800汽车与零部件ETF,30988944.1268,6464052.67445,1.5717356391673678,516110.0
2025-09-16,国泰中证800汽车与零部件ETF,8936679.4325,6464052.67445,0.868158577622493,516110.0
2025-09-17,国泰中证800汽车与零部件ETF,10650881.6425,6464052.67445,0.9736949641477287,516110.0
2025-09-18,国泰中证800汽车与零部件ETF,-9249230.9153,6464052.67445,-0.8882499730627809,516110.0
2025-09-19,国泰中证800汽车与零部件ETF,-4523674.0019,6464052.67445,-0.5305224231035538,516110.0
2025-09-22,国泰中证800汽车与零部件ETF,16597546.0961,6464052.67445,1.2719123732579978,516110.0
2025-09-23,国泰中证800汽车与零部件ETF,9058699.6727,6464052.67445,0.8760503709079224,516110.0
2025-09-24,国泰中证800汽车与零部件ETF,3009905.212,6464052.67445,0.38229028924121994,516110.0
2025-09-25,国泰中证800汽车与零部件ETF,4541769.7204,6464052.67445,0.5321679713072349,516110.0
2025-09-26,国泰中证800汽车与零部件ETF,16937733.7676,6464052.67445,1.2865558930475098,516110.0
2025-09-29,国泰中证800汽车与零部件ETF,0.0,6464052.67445,0.0,516110.0
2025-09-30,国泰中证800汽车与零部件ETF,-7738481.6895,6464052.67445,-0.7871639549372499,516110.0
2025-10-09,国泰中证800汽车与零部件ETF,10790285.7867,6464052.67445,0.9818071467700266,516110.0
2025-10-10,国泰中证800汽车与零部件ETF,-52384746.3817,6464052.67445,-1.3944076872136504,516110.0
2025-10-13,国泰中证800汽车与零部件ETF,-1482682.3841,6464052.67445,-0.20650468977369654,516110.0
2025-10-14,国泰中证800汽车与零部件ETF,-29671048.0836,6464052.67445,-1.3944076872136504,516110.0
2025-10-15,国泰中证800汽车与零部件ETF,-4386190.9017,6464052.67445,-0.5179310590697649,516110.0
2025-10-16,国泰中证800汽车与零部件ETF,0.0,6464052.67445,0.0,516110.0
2025-10-17,国泰中证800汽车与零部件ETF,-22950967.9125,6464052.67445,-1.3944076872136504,516110.0
2025-10-20,国泰中证800汽车与零部件ETF,-8603169.9368,6464052.67445,-0.8462652263866293,516110.0
2025-10-21,国泰中证800汽车与零部件ETF,-5782219.6359,6464052.67445,-0.6389651194063479,516110.0
2025-10-22,国泰中证800汽车与零部件ETF,-13014844.6434,6464052.67445,-1.1030752206728947,516110.0
2025-10-23,国泰中证800汽车与零部件ETF,-2876002.767,6464052.67445,-0.3680557180590854,516110.0
2025-10-24,国泰中证800汽车与零部件ETF,-14615487.6895,6464052.67445,-1.1820464489892788,516110.0
2025-10-27,国泰中证800汽车与零部件ETF,-69168387.2581,6464052.67445,-1.3944076872136504,516110.0
2025-10-28,国泰中证800汽车与零部件ETF,-32210704.4957,6464052.67445,-1.3944076872136504,516110.0
2025-10-29,国泰中证800汽车与零部件ETF,-2946990.8927,6464052.67445,-0.3756273771722944,516110.0
2025-10-30,国泰中证800汽车与零部件ETF,8888679.7724,6464052.67445,0.8650369976786924,516110.0
2025-10-31,国泰中证800汽车与零部件ETF,-22147263.4882,6464052.67445,-1.3944076872136504,516110.0
2025-05-06,国泰中证全指家用电器ETF,0.0,12331555.03375,0.0,159996.0
2025-05-07,国泰中证全指家用电器ETF,-18687765.2776,12331555.03375,-0.9224488190767931,159996.0
2025-05-08,国泰中证全指家用电器ETF,-2685285.5241,12331555.03375,-0.19701084807066813,159996.0
2025-05-09,国泰中证全指家用电器ETF,-10768194.8722,12331555.03375,-0.6276603637593428,159996.0
2025-05-12,国泰中证全指家用电器ETF,-13651107.5917,12331555.03375,-0.7452680663711198,159996.0
2025-05-13,国泰中证全指家用电器ETF,-13726288.8726,12331555.03375,-0.74815740539617,159996.0
2025-05-14,国泰中证全指家用电器ETF,-24549181.5046,12331555.03375,-1.0955279425748197,159996.0
2025-05-15,国泰中证全指家用电器ETF,-27071618.2571,12331555.03375,-1.1616849263100435,159996.0
2025-05-16,国泰中证全指家用电器ETF,-10799739.7165,12331555.03375,-0.6290250246459864,159996.0
2025-05-19,国泰中证全指家用电器ETF,-10790923.8077,12331555.03375,-0.6286438272550632,159996.0
2025-05-20,国泰中证全指家用电器ETF,-8227044.0727,12331555.03375,-0.5111178742921808,159996.0
2025-05-21,国泰中证全指家用电器ETF,-8227798.6728,12331555.03375,-0.5111545784590208,159996.0
2025-05-22,国泰中证全指家用电器ETF,-16448511.1352,12331555.03375,-0.8475215734586364,159996.0
2025-05-23,国泰中证全指家用电器ETF,-19205359.5621,12331555.03375,-0.9389973245064315,159996.0
2025-05-26,国泰中证全指家用电器ETF,-35045352.8632,12331555.03375,-1.3446489927504781,159996.0
2025-05-27,国泰中证全指家用电器ETF,-13394512.6849,12331555.03375,-0.735343358829408,159996.0
2025-05-28,国泰中证全指家用电器ETF,-5373548.6603,12331555.03375,-0.36169151518562026,159996.0
2025-05-29,国泰中证全指家用电器ETF,0.0,12331555.03375,0.0,159996.0
2025-05-30,国泰中证全指家用电器ETF,-2668398.2333,12331555.03375,-0.19588565843981062,159996.0
2025-06-03,国泰中证全指家用电器ETF,52815043.512,12331555.03375,1.652324858285649,159996.0
2025-06-04,国泰中证全指家用电器ETF,13269511.8545,12331555.03375,0.7304725988118441,159996.0
2025-06-05,国泰中证全指家用电器ETF,-5317901.0118,12331555.03375,-0.3585435368278376,159996.0
2025-06-06,国泰中证全指家用电器ETF,-7957515.6342,12331555.03375,-0.49792092319447984,159996.0
2025-06-09,国泰中证全指家用电器ETF,0.0,12331555.03375,0.0,159996.0
2025-06-10,国泰中证全指家用电器ETF,0.0,12331555.03375,0.0,159996.0
2025-06-11,国泰中证全指家用电器ETF,-21236526.7709,12331555.03375,-1.0014142420665098,159996.0
2025-06-12,国泰中证全指家用电器ETF,0.0,12331555.03375,0.0,159996.0
2025-06-13,国泰中证全指家用电器ETF,-39057364.4919,12331555.03375,-1.3446489927504781,159996.0
2025-06-16,国泰中证全指家用电器ETF,-15628912.0139,12331555.03375,-0.818630194234817,159996.0
2025-06-17,国泰中证全指家用电器ETF,0.0,12331555.03375,0.0,159996.0
2025-06-18,国泰中证全指家用电器ETF,-5228795.1824,12331555.03375,-0.35348210485264175,159996.0
2025-06-19,国泰中证全指家用电器ETF,0.0,12331555.03375,0.0,159996.0
2025-06-20,国泰中证全指家用电器ETF,-5183325.2892,12331555.03375,-0.3508893966667017,159996.0
2025-06-23,国泰中证全指家用电器ETF,2570634.3173,12331555.03375,0.1893467113418653,159996.0
2025-06-24,国泰中证全指家用电器ETF,-10491507.4073,12331555.03375,-0.6156101081731137,159996.0
2025-06-25,国泰中证全指家用电器ETF,2652628.5108,12331555.03375,0.1948337873085456,159996.0
2025-06-26,国泰中证全指家用电器ETF,-10666421.3511,12331555.03375,-0.6232448016634574,159996.0
2025-06-27,国泰中证全指家用电器ETF,-26588989.0112,12331555.03375,-1.1493608086370095,159996.0
2025-06-30,国泰中证全指家用电器ETF,5329049.5683,12331555.03375,0.3591750031389109,159996.0
2025-07-01,国泰中证全指家用电器ETF,-50621121.1806,12331555.03375,-1.3446489927504781,159996.0
2025-07-02,国泰中证全指家用电器ETF,-16057853.2445,12331555.03375,-0.8338547005282883,159996.0
2025-07-03,国泰中证全指家用电器ETF,64629995.495,12331555.03375,1.652324858285649,159996.0
2025-07-04,国泰中证全指家用电器ETF,5397209.431,12331555.03375,0.36302700439106667,159996.0
2025-07-07,国泰中证全指家用电器ETF,13413763.3207,12331555.03375,0.7360913719748188,159996.0
2025-07-08,国泰中证全指家用电器ETF,2692707.359,12331555.03375,0.19750496009200139,159996.0
2025-07-09,国泰中证全指家用电器ETF,0.0,12331555.03375,0.0,159996.0
2025-07-10,国泰中证全指家用电器ETF,-10682973.5714,12331555.03375,-0.6239642678615093,159996.0
2025-07-11,国泰中证全指家用电器ETF,-5388877.5928,12331555.03375,-0.3625569323422152,159996.0
2025-07-14,国泰中证全指家用电器ETF,-2724796.6747,12331555.03375,-0.19963851546189806,159996.0
2025-07-15,国泰中证全指家用电器ETF,-10937030.8885,12331555.03375,-0.6349427800655854,159996.0
2025-07-16,国泰中证全指家用电器ETF,27531527.4866,12331555.03375,1.173289218343626,159996.0
2025-07-17,国泰中证全指家用电器ETF,38757176.1631,12331555.03375,1.4214025212395212,159996.0
2025-07-18,国泰中证全指家用电器ETF,-33190962.1998,12331555.03375,-1.3060456606683781,159996.0
2025-07-21,国泰中证全指家用电器ETF,-19396438.8906,12331555.03375,-0.9450379531581333,159996.0
2025-07-22,国泰中证全指家用电器ETF,-24965328.5805,12331555.03375,-1.106748346815976,159996.0
2025-07-23,国泰中证全指家用电器ETF,-14013578.094,12331555.03375,-0.759122129766333,159996.0
2025-07-24,国泰中证全指家用电器ETF,67232477.9938,12331555.03375,1.652324858285649,159996.0
2025-07-25,国泰中证全指家用电器ETF,0.0,12331555.03375,0.0,159996.0
2025-07-28,国泰中证全指家用电器ETF,-25109117.3289,12331555.03375,-1.1105961827247082,159996.0
2025-07-29,国泰中证全指家用电器ETF,-8312775.1367,12331555.03375,-0.5152792865618474,159996.0
2025-07-30,国泰中证全指家用电器ETF,-11108167.3737,12331555.03375,-0.6422706948255603,159996.0
2025-07-31,国泰中证全指家用电器ETF,-13766716.6202,12331555.03375,-0.7497076648532779,159996.0
2025-08-01,国泰中证全指家用电器ETF,30114834.0455,12331555.03375,1.2360804190965609,159996.0
2025-08-04,国泰中证全指家用电器ETF,-19304728.7763,12331555.03375,-0.9421432565998282,159996.0
2025-08-05,国泰中证全指家用电器ETF,-33480087.8615,12331555.03375,-1.3123768433729583,159996.0
2025-08-06,国泰中证全指家用电器ETF,-8431877.4765,12331555.03375,-0.521031960000169,159996.0
2025-08-07,国泰中证全指家用电器ETF,-14083182.2478,12331555.03375,-0.7617606576338596,159996.0
2025-08-08,国泰中证全指家用电器ETF,59182158.952,12331555.03375,1.652324858285649,159996.0
2025-08-11,国泰中证全指家用电器ETF,28426129.4317,12331555.03375,1.1954829706204009,159996.0
2025-08-12,国泰中证全指家用电器ETF,2862672.0339,12331555.03375,0.20875413040216764,159996.0
2025-08-13,国泰中证全指家用电器ETF,2871406.1751,12331555.03375,0.20932879812215002,159996.0
2025-08-14,国泰中证全指家用电器ETF,5747062.2693,12331555.03375,0.38256844831078307,159996.0
2025-08-15,国泰中证全指家用电器ETF,5775465.7803,12331555.03375,0.38413832621325333,159996.0
2025-08-18,国泰中证全指家用电器ETF,-17680160.1582,12331555.03375,-0.8894263847051632,159996.0
2025-08-19,国泰中证全指家用电器ETF,0.0,12331555.03375,0.0,159996.0
2025-08-20,国泰中证全指家用电器ETF,-5912614.3452,12331555.03375,-0.3916841157694709,159996.0
2025-08-21,国泰中证全指家用电器ETF,-11879592.7602,12331555.03375,-0.6746517526098004,159996.0
2025-08-22,国泰中证全指家用电器ETF,2974282.322,12331555.03375,0.21607285502771556,159996.0
2025-08-25,国泰中证全指家用电器ETF,9069898.8669,12331555.03375,0.5512974318752015,159996.0
2025-08-26,国泰中证全指家用电器ETF,21357808.4512,12331555.03375,1.0050207368191728,159996.0
2025-08-27,国泰中证全指家用电器ETF,6187582.4166,12331555.03375,0.40664322705070327,159996.0
2025-08-28,国泰中证全指家用电器ETF,-39419207.8044,12331555.03375,-1.3446489927504781,159996.0
2025-08-29,国泰中证全指家用电器ETF,0.0,12331555.03375,0.0,159996.0
2025-09-01,国泰中证全指家用电器ETF,-24179114.9865,12331555.03375,-1.0854431200629266,159996.0
2025-09-02,国泰中证全指家用电器ETF,29998831.3306,12331555.03375,1.2333437547992563,159996.0
2025-09-03,国泰中证全指家用电器ETF,-5966479.7688,12331555.03375,-0.3946322391145445,159996.0
2025-09-04,国泰中证全指家用电器ETF,96098360.5433,12331555.03375,1.652324858285649,159996.0
2025-09-05,国泰中证全指家用电器ETF,17636626.3917,12331555.03375,0.887974772528432,159996.0
2025-09-08,国泰中证全指家用电器ETF,30152052.1001,12331555.03375,1.2369568598982073,159996.0
2025-09-09,国泰中证全指家用电器ETF,-29834329.558,12331555.03375,-1.2294500449686918,159996.0
2025-09-10,国泰中证全指家用电器ETF,26807523.1563,12331555.03375,1.1549599829547115,159996.0
2025-09-11,国泰中证全指家用电器ETF,188990273.7902,12331555.03375,1.652324858285649,159996.0
2025-09-12,国泰中证全指家用电器ETF,-45200616.4169,12331555.03375,-1.3446489927504781,159996.0
2025-09-15,国泰中证全指家用电器ETF,-3004156.1705,12331555.03375,-0.21802274720804918,159996.0
2025-09-16,国泰中证全指家用电器ETF,0.0,12331555.03375,0.0,159996.0
2025-09-17,国泰中证全指家用电器ETF,12404416.3568,12331555.03375,0.6960970886851892,159996.0
2025-09-18,国泰中证全指家用电器ETF,90337828.4022,12331555.03375,1.652324858285649,159996.0
2025-09-19,国泰中证全指家用电器ETF,-6166666.8242,12331555.03375,-0.4055131845508283,159996.0
2025-09-22,国泰中证全指家用电器ETF,-3067331.0846,12331555.03375,-0.22213374969882566,159996.0
2025-09-23,国泰中证全指家用电器ETF,-42628073.7113,12331555.03375,-1.3446489927504781,159996.0
2025-09-24,国泰中证全指家用电器ETF,-21487528.2935,12331555.03375,-1.008863811518134,159996.0
2025-09-25,国泰中证全指家用电器ETF,3080989.6226,12331555.03375,0.22302033876991123,159996.0
2025-09-26,国泰中证全指家用电器ETF,-30570493.8312,12331555.03375,-1.2467581567557398,159996.0
2025-09-29,国泰中证全指家用电器ETF,-21411585.3325,12331555.03375,-1.0066157211258284,159996.0
2025-09-30,国泰中证全指家用电器ETF,-21554791.7199,12331555.03375,-1.0108507555032469,159996.0
2025-10-09,国泰中证全指家用电器ETF,-33806801.6355,12331555.03375,-1.3194832087993515,159996.0
2025-10-10,国泰中证全指家用电器ETF,-12258693.7107,12331555.03375,-0.690188544724463,159996.0
2025-10-13,国泰中证全指家用电器ETF,0.0,12331555.03375,0.0,159996.0
2025-10-14,国泰中证全指家用电器ETF,-29712066.536,12331555.03375,-1.2265462609784314,159996.0
2025-10-15,国泰中证全指家用电器ETF,8950525.6682,12331555.03375,0.5457040099132786,159996.0
2025-10-16,国泰中证全指家用电器ETF,11937027.8365,12331555.03375,0.6770212007228369,159996.0
2025-10-17,国泰中证全指家用电器ETF,-17660155.1733,12331555.03375,-0.8887595899177596,159996.0
2025-10-20,国泰中证全指家用电器ETF,-20734998.6746,12331555.03375,-0.9863608824112114,159996.0
2025-10-21,国泰中证全指家用电器ETF,5958424.4796,12331555.03375,0.3941919151734527,159996.0
2025-10-22,国泰中证全指家用电器ETF,6025390.7808,12331555.03375,0.39784659425706376,159996.0
2025-10-23,国泰中证全指家用电器ETF,-5998847.2487,12331555.03375,-0.39639958115263735,159996.0
2025-10-24,国泰中证全指家用电器ETF,-63647564.0137,12331555.03375,-1.3446489927504781,159996.0
2025-10-27,国泰中证全指家用电器ETF,6118029.7028,12331555.03375,0.40288043560162734,159996.0
2025-10-28,国泰中证全指家用电器ETF,-27671889.0547,12331555.03375,-1.1768041254910575,159996.0
2025-10-29,国泰中证全指家用电器ETF,3079617.9092,12331555.03375,0.22293133500866885,159996.0
2025-10-30,国泰中证全指家用电器ETF,30819798.0301,12331555.03375,1.2525523471257909,159996.0
2025-10-31,国泰中证全指家用电器ETF,33664180.3547,12331555.03375,1.3163872561170697,159996.0
2025-05-06,华宝中证细分食品饮料产业主题ETF,-937913.8127,4467628.314300001,-0.19056705771639287,515710.0
2025-05-07,华宝中证细分食品饮料产业主题ETF,-1888565.3021,4467628.314300001,-0.3525720208366404,515710.0
2025-05-08,华宝中证细分食品饮料产业主题ETF,-1891728.6379,4467628.314300001,-0.35306957473305933,515710.0
2025-05-09,华宝中证细分食品饮料产业主题ETF,-7578081.6842,4467628.314300001,-0.9918508904631292,515710.0
2025-05-12,华宝中证细分食品饮料产业主题ETF,0.0,4467628.314300001,0.0,515710.0
2025-05-13,华宝中证细分食品饮料产业主题ETF,-1895565.2945,4467628.314300001,-0.3536727017079387,515710.0
2025-05-14,华宝中证细分食品饮料产业主题ETF,-7633959.2283,4467628.314300001,-0.9964789565017074,515710.0
2025-05-15,华宝中证细分食品饮料产业主题ETF,-3833671.9218,4467628.314300001,-0.6195544681227094,515710.0
2025-05-16,华宝中证细分食品饮料产业主题ETF,948048.2091,4467628.314300001,0.1924401183559259,515710.0
2025-05-19,华宝中证细分食品饮料产业主题ETF,3755544.5789,4467628.314300001,0.6100984419676269,515710.0
2025-05-20,华宝中证细分食品饮料产业主题ETF,0.0,4467628.314300001,0.0,515710.0
2025-05-21,华宝中证细分食品饮料产业主题ETF,0.0,4467628.314300001,0.0,515710.0
2025-05-22,华宝中证细分食品饮料产业主题ETF,4727437.6117,4467628.314300001,0.7218093384342147,515710.0
2025-05-23,华宝中证细分食品饮料产业主题ETF,-944055.3607,4467628.314300001,-0.1917025704203559,515710.0
2025-05-26,华宝中证细分食品饮料产业主题ETF,0.0,4467628.314300001,0.0,515710.0
2025-05-27,华宝中证细分食品饮料产业主题ETF,0.0,4467628.314300001,0.0,515710.0
2025-05-28,华宝中证细分食品饮料产业主题ETF,-5650580.3416,4467628.314300001,-0.8174789485420442,515710.0
2025-05-29,华宝中证细分食品饮料产业主题ETF,0.0,4467628.314300001,0.0,515710.0
2025-05-30,华宝中证细分食品饮料产业主题ETF,0.0,4467628.314300001,0.0,515710.0
2025-06-03,华宝中证细分食品饮料产业主题ETF,930818.8418,4467628.314300001,0.18925365916813447,515710.0
2025-06-04,华宝中证细分食品饮料产业主题ETF,0.0,4467628.314300001,0.0,515710.0
2025-06-05,华宝中证细分食品饮料产业主题ETF,0.0,4467628.314300001,0.0,515710.0
2025-06-06,华宝中证细分食品饮料产业主题ETF,-1865557.4933,4467628.314300001,-0.3489457073276456,515710.0
2025-06-09,华宝中证细分食品饮料产业主题ETF,931096.2508,4467628.314300001,0.18930504466189604,515710.0
2025-06-10,华宝中证细分食品饮料产业主题ETF,1849425.2194,4467628.314300001,0.34639519706298916,515710.0
2025-06-11,华宝中证细分食品饮料产业主题ETF,924473.2909,4467628.314300001,0.18807752776428344,515710.0
2025-06-12,华宝中证细分食品饮料产业主题ETF,7314691.3352,4467628.314300001,0.9697423836948514,515710.0
2025-06-13,华宝中证细分食品饮料产业主题ETF,35869596.7667,4467628.314300001,2.0481608263971616,515710.0
2025-06-16,华宝中证细分食品饮料产业主题ETF,2663427.6921,4467628.314300001,0.4676016415863099,515710.0
2025-06-17,华宝中证细分食品饮料产业主题ETF,2675934.3139,4467628.314300001,0.46935393008105575,515710.0
2025-06-18,华宝中证细分食品饮料产业主题ETF,7175624.1627,4467628.314300001,0.9578691363322532,515710.0
2025-06-19,华宝中证细分食品饮料产业主题ETF,4449246.4889,4467628.314300001,0.6910878374538849,515710.0
2025-06-20,华宝中证细分食品饮料产业主题ETF,-895818.3822,4467628.314300001,-0.1827491194500745,515710.0
2025-06-23,华宝中证细分食品饮料产业主题ETF,0.0,4467628.314300001,0.0,515710.0
2025-06-24,华宝中证细分食品饮料产业主题ETF,-894987.3433,4467628.314300001,-0.18259416250982413,515710.0
2025-06-25,华宝中证细分食品饮料产业主题ETF,3576368.3503,4467628.314300001,0.5880683679033198,515710.0
2025-06-26,华宝中证细分食品饮料产业主题ETF,898372.0042,4467628.314300001,0.18322512199608573,515710.0
2025-06-27,华宝中证细分食品饮料产业主题ETF,2684438.9193,4467628.314300001,0.4705437491356236,515710.0
2025-06-30,华宝中证细分食品饮料产业主题ETF,2678110.5092,4467628.314300001,0.4696585209421529,515710.0
2025-07-01,华宝中证细分食品饮料产业主题ETF,0.0,4467628.314300001,0.0,515710.0
2025-07-02,华宝中证细分食品饮料产业主题ETF,3580371.0373,4467628.314300001,0.5885658434282354,515710.0
2025-07-03,华宝中证细分食品饮料产业主题ETF,0.0,4467628.314300001,0.0,515710.0
2025-07-04,华宝中证细分食品饮料产业主题ETF,0.0,4467628.314300001,0.0,515710.0
2025-07-07,华宝中证细分食品饮料产业主题ETF,8922462.9965,4467628.314300001,1.097657289645142,515710.0
2025-07-08,华宝中证细分食品饮料产业主题ETF,893692.6771,4467628.314300001,0.1823527089748649,515710.0
2025-07-09,华宝中证细分食品饮料产业主题ETF,-902483.3251,4467628.314300001,-0.18399100840209395,515710.0
2025-07-10,华宝中证细分食品饮料产业主题ETF,4486010.1397,4467628.314300001,0.6952022914859952,515710.0
2025-07-11,华宝中证细分食品饮料产业主题ETF,3630124.7446,4467628.314300001,0.5947289336975117,515710.0
2025-07-14,华宝中证细分食品饮料产业主题ETF,-904456.734,4467628.314300001,-0.1843584209490005,515710.0
2025-07-15,华宝中证细分食品饮料产业主题ETF,6290654.129,4467628.314300001,0.8788182284011663,515710.0
2025-07-16,华宝中证细分食品饮料产业主题ETF,-1802432.3972,4467628.314300001,-0.3389283480902709,515710.0
2025-07-17,华宝中证细分食品饮料产业主题ETF,-14493711.0169,4467628.314300001,-1.0625689980999569,515710.0
2025-07-18,华宝中证细分食品饮料产业主题ETF,-10974443.5866,4467628.314300001,-1.0625689980999569,515710.0
2025-07-21,华宝中证细分食品饮料产业主题ETF,0.0,4467628.314300001,0.0,515710.0
2025-07-22,华宝中证细分食品饮料产业主题ETF,-7403219.7358,4467628.314300001,-0.9772279615342678,515710.0
2025-07-23,华宝中证细分食品饮料产业主题ETF,-9341454.5157,4467628.314300001,-1.0625689980999569,515710.0
2025-07-24,华宝中证细分食品饮料产业主题ETF,932713.6632,4467628.314300001,0.189604591369144,515710.0
2025-07-25,华宝中证细分食品饮料产业主题ETF,5564151.7373,4467628.314300001,0.8089003696066505,515710.0
2025-07-28,华宝中证细分食品饮料产业主题ETF,10083464.0804,4467628.314300001,1.180808380110234,515710.0
2025-07-29,华宝中证细分食品饮料产业主题ETF,9144528.3252,4467628.314300001,1.1141055746665605,515710.0
2025-07-30,华宝中证细分食品饮料产业主题ETF,13834495.839,4467628.314300001,1.4101594376995907,515710.0
2025-07-31,华宝中证细分食品饮料产业主题ETF,57242490.678,4467628.314300001,2.0481608263971616,515710.0
2025-08-01,华宝中证细分食品饮料产业主题ETF,11729587.982,4467628.314300001,1.2879817045489879,515710.0
2025-08-04,华宝中证细分食品饮料产业主题ETF,2706488.4455,4467628.314300001,0.47362196502631054,515710.0
2025-08-05,华宝中证细分食品饮料产业主题ETF,-5457510.9141,4467628.314300001,-0.7982131651626954,515710.0
2025-08-06,华宝中证细分食品饮料产业主题ETF,0.0,4467628.314300001,0.0,515710.0
2025-08-07,华宝中证细分食品饮料产业主题ETF,-3655504.7689,4467628.314300001,-0.5978582380756959,515710.0
2025-08-08,华宝中证细分食品饮料产业主题ETF,0.0,4467628.314300001,0.0,515710.0
2025-08-11,华宝中证细分食品饮料产业主题ETF,-5506700.0362,4467628.314300001,-0.8031569378631874,515710.0
2025-08-12,华宝中证细分食品饮料产业主题ETF,-924076.3215,4467628.314300001,-0.18800390452007676,515710.0
2025-08-13,华宝中证细分食品饮料产业主题ETF,15599853.0771,4467628.314300001,1.502242974360259,515710.0
2025-08-14,华宝中证细分食品饮料产业主题ETF,7371808.2376,4467628.314300001,0.9745783504389861,515710.0
2025-08-15,华宝中证细分食品饮料产业主题ETF,25660250.0513,4467628.314300001,1.9085932452897212,515710.0
2025-08-18,华宝中证细分食品饮料产业主题ETF,20315974.4327,4467628.314300001,1.713324565576343,515710.0
2025-08-19,华宝中证细分食品饮料产业主题ETF,-6531661.1643,4467628.314300001,-0.9009729884950725,515710.0
2025-08-20,华宝中证细分食品饮料产业主题ETF,-12258384.088,4467628.314300001,-1.0625689980999569,515710.0
2025-08-21,华宝中证细分食品饮料产业主题ETF,-8505823.6225,4467628.314300001,-1.0625689980999569,515710.0
2025-08-22,华宝中证细分食品饮料产业主题ETF,-3777337.151,4467628.314300001,-0.6127450780774806,515710.0
2025-08-25,华宝中证细分食品饮料产业主题ETF,8711951.3957,4467628.314300001,1.081810950735994,515710.0
2025-08-26,华宝中证细分食品饮料产业主题ETF,26462703.7139,4467628.314300001,1.9348796321038446,515710.0
2025-08-27,华宝中证细分食品饮料产业主题ETF,26035828.2772,4467628.314300001,1.9209823186982162,515710.0
2025-08-28,华宝中证细分食品饮料产业主题ETF,13277865.4536,4467628.314300001,1.3792739220968844,515710.0
2025-08-29,华宝中证细分食品饮料产业主题ETF,16526740.7229,4467628.314300001,1.5473965713189157,515710.0
2025-09-01,华宝中证细分食品饮料产业主题ETF,16519387.4748,4467628.314300001,1.5470462613800882,515710.0
2025-09-02,华宝中证细分食品饮料产业主题ETF,-973840.8155,4467628.314300001,-0.19719139567050045,515710.0
2025-09-03,华宝中证细分食品饮料产业主题ETF,960199.7251,4467628.314300001,0.1946813718208488,515710.0
2025-09-04,华宝中证细分食品饮料产业主题ETF,9501217.081,4467628.314300001,1.1399718316217151,515710.0
2025-09-05,华宝中证细分食品饮料产业主题ETF,-7621093.4033,4467628.314300001,-0.9954152391201109,515710.0
2025-09-08,华宝中证细分食品饮料产业主题ETF,-5806518.0531,4467628.314300001,-0.8327729889699959,515710.0
2025-09-09,华宝中证细分食品饮料产业主题ETF,-6784386.3276,4467628.314300001,-0.9236895025351046,515710.0
2025-09-10,华宝中证细分食品饮料产业主题ETF,-2920975.4701,4467628.314300001,-0.5030810946486778,515710.0
2025-09-11,华宝中证细分食品饮料产业主题ETF,970871.1986,4467628.314300001,0.19664550862408214,515710.0
2025-09-12,华宝中证细分食品饮料产业主题ETF,7782956.3504,4467628.314300001,1.008715974219872,515710.0
2025-09-15,华宝中证细分食品饮料产业主题ETF,5781294.3608,4467628.314300001,0.8303149058296764,515710.0
2025-09-16,华宝中证细分食品饮料产业主题ETF,1917697.8023,4467628.314300001,0.3571448742444346,515710.0
2025-09-17,华宝中证细分食品饮料产业主题ETF,7643236.6394,4467628.314300001,0.9972452903999727,515710.0
2025-09-18,华宝中证细分食品饮料产业主题ETF,30319470.2643,4467628.314300001,2.0481608263971616,515710.0
2025-09-19,华宝中证细分食品饮料产业主题ETF,23520179.2085,4467628.314300001,1.8349112803644014,515710.0
2025-09-22,华宝中证细分食品饮料产业主题ETF,31747321.3025,4467628.314300001,2.0481608263971616,515710.0
2025-09-23,华宝中证细分食品饮料产业主题ETF,4621266.6059,4467628.314300001,0.7101956405014045,515710.0
2025-09-24,华宝中证细分食品饮料产业主题ETF,-2780358.931,4467628.314300001,-0.48386611962217047,515710.0
2025-09-25,华宝中证细分食品饮料产业主题ETF,8318495.19,4467628.314300001,1.0515027922736786,515710.0
2025-09-26,华宝中证细分食品饮料产业主题ETF,13800020.6554,4467628.314300001,1.4082739901909573,515710.0
2025-09-29,华宝中证细分食品饮料产业主题ETF,8309224.8636,4467628.314300001,1.050777499055941,515710.0
2025-09-30,华宝中证细分食品饮料产业主题ETF,9258341.3768,4467628.314300001,1.1224319469836201,515710.0
2025-10-09,华宝中证细分食品饮料产业主题ETF,16527000.3631,4467628.314300001,1.547408938377628,515710.0
2025-10-10,华宝中证细分食品饮料产业主题ETF,2785310.1648,4467628.314300001,0.4845490048512257,515710.0
2025-10-13,华宝中证细分食品饮料产业主题ETF,27498765.3153,4467628.314300001,1.9678274625167347,515710.0
2025-10-14,华宝中证细分食品饮料产业主题ETF,-13905221.9963,4467628.314300001,-1.0625689980999569,515710.0
2025-10-15,华宝中证细分食品饮料产业主题ETF,0.0,4467628.314300001,0.0,515710.0
2025-10-16,华宝中证细分食品饮料产业主题ETF,-18840986.6294,4467628.314300001,-1.0625689980999569,515710.0
2025-10-17,华宝中证细分食品饮料产业主题ETF,0.0,4467628.314300001,0.0,515710.0
2025-10-20,华宝中证细分食品饮料产业主题ETF,4653329.717,4467628.314300001,0.7137171564982819,515710.0
2025-10-21,华宝中证细分食品饮料产业主题ETF,0.0,4467628.314300001,0.0,515710.0
2025-10-22,华宝中证细分食品饮料产业主题ETF,0.0,4467628.314300001,0.0,515710.0
2025-10-23,华宝中证细分食品饮料产业主题ETF,924320.1509,4467628.314300001,0.1880491265608375,515710.0
2025-10-24,华宝中证细分食品饮料产业主题ETF,36889490.1053,4467628.314300001,2.0481608263971616,515710.0
2025-10-27,华宝中证细分食品饮料产业主题ETF,37617585.4733,4467628.314300001,2.0481608263971616,515710.0
2025-10-28,华宝中证细分食品饮料产业主题ETF,23841707.8465,4467628.314300001,1.8463339605566267,515710.0
2025-10-29,华宝中证细分食品饮料产业主题ETF,46370543.0789,4467628.314300001,2.0481608263971616,515710.0
2025-10-30,华宝中证细分食品饮料产业主题ETF,10937128.5261,4467628.314300001,1.23781865810192,515710.0
2025-10-31,华宝中证细分食品饮料产业主题ETF,5504890.5095,4467628.314300001,0.8029755030039185,515710.0
2025-05-06,富国中证旅游主题ETF,-85232927.1893,28616871.982550003,-1.380883555191121,159766.0
2025-05-07,富国中证旅游主题ETF,-32726536.77,28616871.982550003,-0.7624912552433052,159766.0
2025-05-08,富国中证旅游主题ETF,-16788909.9882,28616871.982550003,-0.4616429797764945,159766.0
2025-05-09,富国中证旅游主题ETF,-13346761.2049,28616871.982550003,-0.3828068933608817,159766.0
2025-05-12,富国中证旅游主题ETF,-30795779.1519,28616871.982550003,-0.7305107124069694,159766.0
2025-05-13,富国中证旅游主题ETF,-36426504.6529,28616871.982550003,-0.8210579068355397,159766.0
2025-05-14,富国中证旅游主题ETF,-7393713.3834,28616871.982550003,-0.22981645983286347,159766.0
2025-05-15,富国中证旅游主题ETF,-8076615.4208,28616871.982550003,-0.24860281101832257,159766.0
2025-05-16,富国中证旅游主题ETF,-7711605.95,28616871.982550003,-0.23860547640153415,159766.0
2025-05-19,富国中证旅游主题ETF,-34415919.522,28616871.982550003,-0.7896586177049604,159766.0
2025-05-20,富国中证旅游主题ETF,-11194568.3018,28616871.982550003,-0.3301578419709692,159766.0
2025-05-21,富国中证旅游主题ETF,-28907633.0139,28616871.982550003,-0.698214557522708,159766.0
2025-05-22,富国中证旅游主题ETF,-14892386.1552,28616871.982550003,-0.41897727285664205,159766.0
2025-05-23,富国中证旅游主题ETF,3692477.2493,28616871.982550003,0.12136016490292811,159766.0
2025-05-26,富国中证旅游主题ETF,-335582.9844,28616871.982550003,-0.01165852731811803,159766.0
2025-05-27,富国中证旅游主题ETF,13183702.9463,28616871.982550003,0.37891362036921133,159766.0
2025-05-28,富国中证旅游主题ETF,338331.3743,28616871.982550003,0.011753450510718761,159766.0
2025-05-29,富国中证旅游主题ETF,102957278.8907,28616871.982550003,1.5250386561955784,159766.0
2025-05-30,富国中证旅游主题ETF,-675359.4424,28616871.982550003,-0.0233258684416185,159766.0
2025-06-03,富国中证旅游主题ETF,-5042086.6511,28616871.982550003,-0.16228277713839873,159766.0
2025-06-04,富国中证旅游主题ETF,-8486680.6236,28616871.982550003,-0.25971624926147413,159766.0
2025-06-05,富国中证旅游主题ETF,-6820560.7899,28616871.982550003,-0.21377221106683186,159766.0
2025-06-06,富国中证旅游主题ETF,-1357257.5519,28616871.982550003,-0.04633818742820055,159766.0
2025-06-09,富国中证旅游主题ETF,-3066025.2206,28616871.982550003,-0.10178054153875057,159766.0
2025-06-10,富国中证旅游主题ETF,-14699164.6754,28616871.982550003,-0.4145264547113655,159766.0
2025-06-11,富国中证旅游主题ETF,-4465675.7109,28616871.982550003,-0.14500940997034084,159766.0
2025-06-12,富国中证旅游主题ETF,-683289.575,28616871.982550003,-0.023596556571758187,159766.0
2025-06-13,富国中证旅游主题ETF,24185890.9191,28616871.982550003,0.6125670436803172,159766.0
2025-06-16,富国中证旅游主题ETF,42955125.6247,28616871.982550003,0.9167074292526268,159766.0
2025-06-17,富国中证旅游主题ETF,22409070.2176,28616871.982550003,0.5783377006408541,159766.0
2025-06-18,富国中证旅游主题ETF,4647151.1604,28616871.982550003,0.150479953505427,159766.0
2025-06-19,富国中证旅游主题ETF,-1324892.5929,28616871.982550003,-0.04525784096492228,159766.0
2025-06-20,富国中证旅游主题ETF,1979273.5754,28616871.982550003,0.0668775655203212,159766.0
2025-06-23,富国中证旅游主题ETF,4252770.5817,28616871.982550003,0.13855304004716842,159766.0
2025-06-24,富国中证旅游主题ETF,-9657835.2808,28616871.982550003,-0.29079281992198375,159766.0
2025-06-25,富国中证旅游主题ETF,-12389526.3975,28616871.982550003,-0.35973163923289886,159766.0
2025-06-26,富国中证旅游主题ETF,-22943130.6765,28616871.982550003,-0.5887497562973221,159766.0
2025-06-27,富国中证旅游主题ETF,-6433428.968,28616871.982550003,-0.20278772641908868,159766.0
2025-06-30,富国中证旅游主题ETF,337820.2808,28616871.982550003,0.011735799175155484,159766.0
2025-07-01,富国中证旅游主题ETF,28326110.9512,28616871.982550003,0.6880539944477012,159766.0
2025-07-02,富国中证旅游主题ETF,21217659.4702,28616871.982550003,0.5547116730580965,159766.0
2025-07-03,富国中证旅游主题ETF,36271281.514,28616871.982550003,0.8186685989810564,159766.0
2025-07-04,富国中证旅游主题ETF,32526815.4773,28616871.982550003,0.7592301530394763,159766.0
2025-07-07,富国中证旅游主题ETF,1679429.8172,28616871.982550003,0.057029178907123126,159766.0
2025-07-08,富国中证旅游主题ETF,13090453.73,28616871.982550003,0.37668031658976975,159766.0
2025-07-09,富国中证旅游主题ETF,19194300.8964,28616871.982550003,0.5132628810757791,159766.0
2025-07-10,富国中证旅游主题ETF,12814100.5158,28616871.982550003,0.37003225575687854,159766.0
2025-07-11,富国中证旅游主题ETF,46480238.3492,28616871.982550003,0.9647856070776641,159766.0
2025-07-14,富国中证旅游主题ETF,34513516.6288,28616871.982550003,0.7912057747467928,159766.0
2025-07-15,富国中证旅游主题ETF,35046726.7112,28616871.982550003,0.7996164768155375,159766.0
2025-07-16,富国中证旅游主题ETF,-11374606.4364,28616871.982550003,-0.3346699185459247,159766.0
2025-07-17,富国中证旅游主题ETF,-23085251.9664,28616871.982550003,-0.591502389509635,159766.0
2025-07-18,富国中证旅游主题ETF,-22526433.1432,28616871.982550003,-0.5806351234034441,159766.0
2025-07-21,富国中证旅游主题ETF,-35987156.5149,28616871.982550003,-0.8142802961402348,159766.0
2025-07-22,富国中证旅游主题ETF,-55635246.4859,28616871.982550003,-1.0798172405968347,159766.0
2025-07-23,富国中证旅游主题ETF,-59404609.823,28616871.982550003,-1.1235844227689464,159766.0
2025-07-24,富国中证旅游主题ETF,-58566084.0819,28616871.982550003,-1.114012380488425,159766.0
2025-07-25,富国中证旅游主题ETF,-99700730.0146,28616871.982550003,-1.5005119829198987,159766.0
2025-07-28,富国中证旅游主题ETF,-8390722.8841,28616871.982550003,-0.2571266849005027,159766.0
2025-07-29,富国中证旅游主题ETF,-693530.9437,28616871.982550003,-0.023946028340011256,159766.0
2025-07-30,富国中证旅游主题ETF,-1741044.4185,28616871.982550003,-0.05906084708524641,159766.0
2025-07-31,富国中证旅游主题ETF,10998829.2935,28616871.982550003,0.3252290632006538,159766.0
2025-08-01,富国中证旅游主题ETF,35025963.5809,28616871.982550003,0.7992902854395046,159766.0
2025-08-04,富国中证旅游主题ETF,32950514.997,28616871.982550003,0.7661358248450068,159766.0
2025-08-05,富国中证旅游主题ETF,47144180.3365,28616871.982550003,0.9735878656027117,159766.0
2025-08-06,富国中证旅游主题ETF,90651437.5581,28616871.982550003,1.4273791837618548,159766.0
2025-08-07,富国中证旅游主题ETF,42973239.689,28616871.982550003,0.9169604859376381,159766.0
2025-08-08,富国中证旅游主题ETF,-6847020.7296,28616871.982550003,-0.2145185988317302,159766.0
2025-08-11,富国中证旅游主题ETF,40920202.2556,28616871.982550003,0.8878635792709157,159766.0
2025-08-12,富国中证旅游主题ETF,7566894.6348,28616871.982550003,0.2346141089238148,159766.0
2025-08-13,富国中证旅游主题ETF,75914858.9756,28616871.982550003,1.2954941975008085,159766.0
2025-08-14,富国中证旅游主题ETF,86114440.4812,28616871.982550003,1.388596507986422,159766.0
2025-08-15,富国中证旅游主题ETF,46025997.81,28616871.982550003,0.9587185309075895,159766.0
2025-08-18,富国中证旅游主题ETF,10825064.4033,28616871.982550003,0.3208331521879083,159766.0
2025-08-19,富国中证旅游主题ETF,2798420.5228,28616871.982550003,0.09329832347501706,159766.0
2025-08-20,富国中证旅游主题ETF,13009056.4455,28616871.982550003,0.3747267792840241,159766.0
2025-08-21,富国中证旅游主题ETF,84843959.866,28616871.982550003,1.3774612101718808,159766.0
2025-08-22,富国中证旅游主题ETF,126818480.5487,28616871.982550003,1.5250386561955784,159766.0
2025-08-25,富国中证旅游主题ETF,126518080.1616,28616871.982550003,1.5250386561955784,159766.0
2025-08-26,富国中证旅游主题ETF,96732787.9211,28616871.982550003,1.4771106380810903,159766.0
2025-08-27,富国中证旅游主题ETF,55020293.4955,28616871.982550003,1.0724915110906943,159766.0
2025-08-28,富国中证旅游主题ETF,6064289.7284,28616871.982550003,0.192200176014616,159766.0
2025-08-29,富国中证旅游主题ETF,179968145.7674,28616871.982550003,1.5250386561955784,159766.0
2025-09-01,富国中证旅游主题ETF,155707584.8833,28616871.982550003,1.5250386561955784,159766.0
2025-09-02,富国中证旅游主题ETF,27253086.6132,28616871.982550003,0.6690303490431886,159766.0
2025-09-03,富国中证旅游主题ETF,42055303.4905,28616871.982550003,0.9040554644272778,159766.0
2025-09-04,富国中证旅游主题ETF,35761961.749,28616871.982550003,0.8107884369765221,159766.0
2025-09-05,富国中证旅游主题ETF,142251116.6133,28616871.982550003,1.5250386561955784,159766.0
2025-09-08,富国中证旅游主题ETF,69767270.9886,28616871.982550003,1.234883169059573,159766.0
2025-09-09,富国中证旅游主题ETF,8392499.5395,28616871.982550003,0.25717469160726275,159766.0
2025-09-10,富国中证旅游主题ETF,-19759002.8121,28616871.982550003,-0.525004761451157,159766.0
2025-09-11,富国中证旅游主题ETF,83619193.5693,28616871.982550003,1.3666079079483158,159766.0
2025-09-12,富国中证旅游主题ETF,27560891.8475,28616871.982550003,0.6745245438723971,159766.0
2025-09-15,富国中证旅游主题ETF,-97409881.3709,28616871.982550003,-1.4824977392694014,159766.0
2025-09-16,富国中证旅游主题ETF,101555773.9794,28616871.982550003,1.514865141898197,159766.0
2025-09-17,富国中证旅游主题ETF,112392503.8285,28616871.982550003,1.5250386561955784,159766.0
2025-09-18,富国中证旅游主题ETF,1116919.4014,28616871.982550003,0.03828768274337375,159766.0
2025-09-19,富国中证旅游主题ETF,-167926923.374,28616871.982550003,-1.5262741495587495,159766.0
2025-09-22,富国中证旅游主题ETF,75159166.7814,28616871.982550003,1.2882386303140445,159766.0
2025-09-23,富国中证旅游主题ETF,97195958.881,28616871.982550003,1.480798859865539,159766.0
2025-09-24,富国中证旅游主题ETF,-36197298.5773,28616871.982550003,-0.817527787584468,159766.0
2025-09-25,富国中证旅游主题ETF,-5367933.5241,28616871.982550003,-0.17191705451914377,159766.0
2025-09-26,富国中证旅游主题ETF,-25347611.4902,28616871.982550003,-0.6343296433626747,159766.0
2025-09-29,富国中证旅游主题ETF,2847716.7693,28616871.982550003,0.09486627352879644,159766.0
2025-09-30,富国中证旅游主题ETF,16834807.0805,28616871.982550003,0.4626532896768989,159766.0
2025-10-09,富国中证旅游主题ETF,-98195757.0966,28616871.982550003,-1.488714162113924,159766.0
2025-10-10,富国中证旅游主题ETF,-106832431.9474,28616871.982550003,-1.5262741495587495,159766.0
2025-10-13,富国中证旅游主题ETF,-39803786.9671,28616871.982550003,-0.8716783371082084,159766.0
2025-10-14,富国中证旅游主题ETF,-42682070.1352,28616871.982550003,-0.9128850169063569,159766.0
2025-10-15,富国中证旅游主题ETF,-103195862.8346,28616871.982550003,-1.5262741495587495,159766.0
2025-10-16,富国中证旅游主题ETF,-182638078.1243,28616871.982550003,-1.5262741495587495,159766.0
2025-10-17,富国中证旅游主题ETF,-124907525.2856,28616871.982550003,-1.5262741495587495,159766.0
2025-10-20,富国中证旅游主题ETF,-100297693.7817,28616871.982550003,-1.5051534307138965,159766.0
2025-10-21,富国中证旅游主题ETF,-113508753.2797,28616871.982550003,-1.5262741495587495,159766.0
2025-10-22,富国中证旅游主题ETF,-64843692.0699,28616871.982550003,-1.1835430991368898,159766.0
2025-10-23,富国中证旅游主题ETF,-39201201.1739,28616871.982550003,-0.8628322518077511,159766.0
2025-10-24,富国中证旅游主题ETF,-18774979.7207,28616871.982550003,-0.5044538355833297,159766.0
2025-10-27,富国中证旅游主题ETF,-33921358.2956,28616871.982550003,-0.7817815808444579,159766.0
2025-10-28,富国中证旅游主题ETF,-12657673.988,28616871.982550003,-0.3662495162922584,159766.0
2025-10-29,富国中证旅游主题ETF,-28941821.7616,28616871.982550003,-0.6988087146034969,159766.0
2025-10-30,富国中证旅游主题ETF,-114032498.4955,28616871.982550003,-1.5262741495587495,159766.0
2025-10-31,富国中证旅游主题ETF,-60131972.8057,28616871.982550003,-1.1318139384547692,159766.0
2025-05-06,华夏中证动漫游戏ETF,64561539.3797,92386187.9509,0.5299353165469497,516190.0
2025-05-07,华夏中证动漫游戏ETF,-95909650.2875,92386187.9509,-0.7120368472344727,516190.0
2025-05-08,华夏中证动漫游戏ETF,-18951209.7779,92386187.9509,-0.18658772376498386,516190.0
2025-05-09,华夏中证动漫游戏ETF,-92183679.8788,92386187.9509,-0.6920505927970774,516190.0
2025-05-12,华夏中证动漫游戏ETF,-51892036.6694,92386187.9509,-0.4457660644371501,516190.0
2025-05-13,华夏中证动漫游戏ETF,-81029996.6976,92386187.9509,-0.629716910640682,516190.0
2025-05-14,华夏中证动漫游戏ETF,-28666728.9295,92386187.9509,-0.2702502931627433,516190.0
2025-05-15,华夏中证动漫游戏ETF,24801462.7382,92386187.9509,0.2377990156208563,516190.0
2025-05-16,华夏中证动漫游戏ETF,-107556014.628,92386187.9509,-0.7720508512543497,516190.0
2025-05-19,华夏中证动漫游戏ETF,-11734825.2979,92386187.9509,-0.11957632520386012,516190.0
2025-05-20,华夏中证动漫游戏ETF,-86036175.4111,92386187.9509,-0.658176081034401,516190.0
2025-05-21,华夏中证动漫游戏ETF,18569639.2248,92386187.9509,0.1831546823124382,516190.0
2025-05-22,华夏中证动漫游戏ETF,-75358777.7315,92386187.9509,-0.5964672781429187,516190.0
2025-05-23,华夏中证动漫游戏ETF,-19792924.1396,92386187.9509,-0.19411932258271147,516190.0
2025-05-26,华夏中证动漫游戏ETF,-109334747.5167,92386187.9509,-0.7809077482302841,516190.0
2025-05-27,华夏中证动漫游戏ETF,43286604.3188,92386187.9509,0.3842685611969142,516190.0
2025-05-28,华夏中证动漫游戏ETF,5505785.5252,92386187.9509,0.057887072786712165,516190.0
2025-05-29,华夏中证动漫游戏ETF,54617726.1837,92386187.9509,0.4644817267668698,516190.0
2025-05-30,华夏中证动漫游戏ETF,26901321.9276,92386187.9509,0.25555914213253456,516190.0
2025-06-03,华夏中证动漫游戏ETF,18390136.4519,92386187.9509,0.1815355863821856,516190.0
2025-06-04,华夏中证动漫游戏ETF,46077739.0898,92386187.9509,0.4046323507000582,516190.0
2025-06-05,华夏中证动漫游戏ETF,125678946.642,92386187.9509,0.8588163142753475,516190.0
2025-06-06,华夏中证动漫游戏ETF,22000958.9433,92386187.9509,0.21361123388690897,516190.0
2025-06-09,华夏中证动漫游戏ETF,133957813.0853,92386187.9509,0.8960784840643139,516190.0
2025-06-10,华夏中证动漫游戏ETF,-37021985.0268,92386187.9509,-0.33699405421844025,516190.0
2025-06-11,华夏中证动漫游戏ETF,16525654.8236,92386187.9509,0.16456128667993064,516190.0
2025-06-12,华夏中证动漫游戏ETF,26684757.0447,92386187.9509,0.2537420054792066,516190.0
2025-06-13,华夏中证动漫游戏ETF,-19079490.6803,92386187.9509,-0.18773924212523943,516190.0
2025-06-16,华夏中证动漫游戏ETF,-89107107.3728,92386187.9509,-0.6752412262339371,516190.0
2025-06-17,华夏中证动漫游戏ETF,63693926.343,92386187.9509,0.5243919421688988,516190.0
2025-06-18,华夏中证动漫游戏ETF,97701821.3228,92386187.9509,0.7215096851936953,516190.0
2025-06-19,华夏中证动漫游戏ETF,-27844826.5701,92386187.9509,-0.26343752669636,516190.0
2025-06-20,华夏中证动漫游戏ETF,-96053078.5788,92386187.9509,-0.7127982750728363,516190.0
2025-06-23,华夏中证动漫游戏ETF,-53071056.9,92386187.9509,-0.4539047071838686,516190.0
2025-06-24,华夏中证动漫游戏ETF,-134692544.6456,92386187.9509,-0.8993193105552334,516190.0
2025-06-25,华夏中证动漫游戏ETF,163768187.4331,92386187.9509,1.019802805151115,516190.0
2025-06-26,华夏中证动漫游戏ETF,-6115544.994,92386187.9509,-0.0640966549491537,516190.0
2025-06-27,华夏中证动漫游戏ETF,-154955566.0917,92386187.9509,-0.9847935134906917,516190.0
2025-06-30,华夏中证动漫游戏ETF,-357911356.6241,92386187.9509,-1.3397141908975096,516190.0
2025-07-01,华夏中证动漫游戏ETF,-231754759.4225,92386187.9509,-1.2552009575314031,516190.0
2025-07-02,华夏中证动漫游戏ETF,-15264194.8848,92386187.9509,-0.15291129368072798,516190.0
2025-07-03,华夏中证动漫游戏ETF,159901658.0865,92386187.9509,1.0045931954013947,516190.0
2025-07-04,华夏中证动漫游戏ETF,-260915212.821,92386187.9509,-1.3397141908975096,516190.0
2025-07-07,华夏中证动漫游戏ETF,77394096.8147,92386187.9509,0.6085276721473878,516190.0
2025-07-08,华夏中证动漫游戏ETF,-236802928.894,92386187.9509,-1.2706549224311903,516190.0
2025-07-09,华夏中证动漫游戏ETF,-108153383.6658,92386187.9509,-0.7750341055212329,516190.0
2025-07-10,华夏中证动漫游戏ETF,-164404316.9004,92386187.9509,-1.0222831098307363,516190.0
2025-07-11,华夏中证动漫游戏ETF,15684164.6503,92386187.9509,0.1568049415975904,516190.0
2025-07-14,华夏中证动漫游戏ETF,379408670.7891,92386187.9509,1.44115189427367,516190.0
2025-07-15,华夏中证动漫游戏ETF,240199110.1446,92386187.9509,1.2809188763984687,516190.0
2025-07-16,华夏中证动漫游戏ETF,47709313.3694,92386187.9509,0.4163468559136776,516190.0
2025-07-17,华夏中证动漫游戏ETF,160533655.8447,92386187.9509,1.0070951291628694,516190.0
2025-07-18,华夏中证动漫游戏ETF,690157333.9577,92386187.9509,1.44115189427367,516190.0
2025-07-21,华夏中证动漫游戏ETF,98767181.6398,92386187.9509,0.7270986015558364,516190.0
2025-07-22,华夏中证动漫游戏ETF,184025888.339,92386187.9509,1.0959152958684582,516190.0
2025-07-23,华夏中证动漫游戏ETF,29196943.907,92386187.9509,0.27462075521258145,516190.0
2025-07-24,华夏中证动漫游戏ETF,148519610.1912,92386187.9509,0.958428491575725,516190.0
2025-07-25,华夏中证动漫游戏ETF,200780299.9819,92386187.9509,1.154763179419549,516190.0
2025-07-28,华夏中证动漫游戏ETF,89656499.1672,92386187.9509,0.6782637177570877,516190.0
2025-07-29,华夏中证动漫游戏ETF,415499061.7408,92386187.9509,1.44115189427367,516190.0
2025-07-30,华夏中证动漫游戏ETF,37830224.6948,92386187.9509,0.34322029259319836,516190.0
2025-07-31,华夏中证动漫游戏ETF,-168944319.3418,92386187.9509,-1.0398084312694653,516190.0
2025-08-01,华夏中证动漫游戏ETF,-211331541.168,92386187.9509,-1.1901212610034861,516190.0
2025-08-04,华夏中证动漫游戏ETF,-437380594.1299,92386187.9509,-1.3397141908975096,516190.0
2025-08-05,华夏中证动漫游戏ETF,-388354217.5802,92386187.9509,-1.3397141908975096,516190.0
2025-08-06,华夏中证动漫游戏ETF,-477489766.4148,92386187.9509,-1.3397141908975096,516190.0
2025-08-07,华夏中证动漫游戏ETF,-249584382.4828,92386187.9509,-1.3087471955731569,516190.0
2025-08-08,华夏中证动漫游戏ETF,-334492167.9131,92386187.9509,-1.3397141908975096,516190.0
2025-08-11,华夏中证动漫游戏ETF,-287102354.8727,92386187.9509,-1.3397141908975096,516190.0
2025-08-12,华夏中证动漫游戏ETF,-61402190.7689,92386187.9509,-0.5096000068037044,516190.0
2025-08-13,华夏中证动漫游戏ETF,-76915573.7173,92386187.9509,-0.6057052082622936,516190.0
2025-08-14,华夏中证动漫游戏ETF,107517166.2422,92386187.9509,0.7718565342973933,516190.0
2025-08-15,华夏中证动漫游戏ETF,12441927.8168,92386187.9509,0.1263445297090152,516190.0
2025-08-18,华夏中证动漫游戏ETF,26633972.723,92386187.9509,0.25331540976638184,516190.0
2025-08-19,华夏中证动漫游戏ETF,41943307.1089,92386187.9509,0.37431821369116614,516190.0
2025-08-20,华夏中证动漫游戏ETF,-77208980.4942,92386187.9509,-0.6074367485870193,516190.0
2025-08-21,华夏中证动漫游戏ETF,24091686.4467,92386187.9509,0.23172384921152228,516190.0
2025-08-22,华夏中证动漫游戏ETF,70531290.8719,92386187.9509,0.5672663212972591,516190.0
2025-08-25,华夏中证动漫游戏ETF,124592214.8828,92386187.9509,0.8538203360520589,516190.0
2025-08-26,华夏中证动漫游戏ETF,91755072.5659,92386187.9509,0.6897256968392091,516190.0
2025-08-27,华夏中证动漫游戏ETF,-104582059.828,92386187.9509,-0.7570650505366153,516190.0
2025-08-28,华夏中证动漫游戏ETF,139197050.7204,92386187.9509,0.9189618847709234,516190.0
2025-08-29,华夏中证动漫游戏ETF,20631541.5964,92386187.9509,0.20156721863034058,516190.0
2025-09-01,华夏中证动漫游戏ETF,-30594201.0241,92386187.9509,-0.28604741700962344,516190.0
2025-09-02,华夏中证动漫游戏ETF,-11479609.4504,92386187.9509,-0.1171221698197108,516190.0
2025-09-03,华夏中证动漫游戏ETF,-190294866.0538,92386187.9509,-1.1183417580066697,516190.0
2025-09-04,华夏中证动漫游戏ETF,-108769890.8861,92386187.9509,-0.7781036319334015,516190.0
2025-09-05,华夏中证动漫游戏ETF,-164991203.7949,92386187.9509,-1.0245659717257019,516190.0
2025-09-08,华夏中证动漫游戏ETF,139239383.8754,92386187.9509,0.919144666938095,516190.0
2025-09-09,华夏中证动漫游戏ETF,103051774.0169,92386187.9509,0.7492655125542276,516190.0
2025-09-10,华夏中证动漫游戏ETF,4606228.7109,92386187.9509,0.0486553102795687,516190.0
2025-09-11,华夏中证动漫游戏ETF,149589438.3156,92386187.9509,0.9628595167539057,516190.0
2025-09-12,华夏中证动漫游戏ETF,-4623248.8628,92386187.9509,-0.04883077408714328,516190.0
2025-09-15,华夏中证动漫游戏ETF,-170881983.4932,92386187.9509,-1.0471956895364567,516190.0
2025-09-16,华夏中证动漫游戏ETF,298214970.2097,92386187.9509,1.44115189427367,516190.0
2025-09-17,华夏中证动漫游戏ETF,293883163.2209,92386187.9509,1.430557440654784,516190.0
2025-09-18,华夏中证动漫游戏ETF,90191062.8444,92386187.9509,0.6811958890654227,516190.0
2025-09-19,华夏中证动漫游戏ETF,-4846601.3205,92386187.9509,-0.05113050634042196,516190.0
2025-09-22,华夏中证动漫游戏ETF,220556613.1759,92386187.9509,1.2200429434132325,516190.0
2025-09-23,华夏中证动漫游戏ETF,159065677.0741,92386187.9509,1.001274093248031,516190.0
2025-09-24,华夏中证动漫游戏ETF,30676773.651,92386187.9509,0.2867186209239451,516190.0
2025-09-25,华夏中证动漫游戏ETF,92588696.023,92386187.9509,0.694242567135179,516190.0
2025-09-26,华夏中证动漫游戏ETF,662952382.5463,92386187.9509,1.44115189427367,516190.0
2025-09-29,华夏中证动漫游戏ETF,352471319.7552,92386187.9509,1.44115189427367,516190.0
2025-09-30,华夏中证动漫游戏ETF,179997224.2268,92386187.9509,1.0812331909086021,516190.0
2025-10-09,华夏中证动漫游戏ETF,636995583.2366,92386187.9509,1.44115189427367,516190.0
2025-10-10,华夏中证动漫游戏ETF,269653559.1886,92386187.9509,1.3657765181028656,516190.0
2025-10-13,华夏中证动漫游戏ETF,-35438930.0964,92386187.9509,-0.32468557804940823,516190.0
2025-10-14,华夏中证动漫游戏ETF,74425587.1587,92386187.9509,0.5908885951918817,516190.0
2025-10-15,华夏中证动漫游戏ETF,129365964.1924,92386187.9509,0.8755828399877718,516190.0
2025-10-16,华夏中证动漫游戏ETF,137715898.4258,92386187.9509,0.912545577837602,516190.0
2025-10-17,华夏中证动漫游戏ETF,12772510.4796,92386187.9509,0.1294931363219684,516190.0
2025-10-20,华夏中证动漫游戏ETF,-68186118.2972,92386187.9509,-0.5527668609179359,516190.0
2025-10-21,华夏中证动漫游戏ETF,215512307.787,92386187.9509,1.2037926829410774,516190.0
2025-10-22,华夏中证动漫游戏ETF,47972083.6367,92386187.9509,0.4182207500778968,516190.0
2025-10-23,华夏中证动漫游戏ETF,47511531.9483,92386187.9509,0.4149340970394851,516190.0
2025-10-24,华夏中证动漫游戏ETF,10221842.9765,92386187.9509,0.10493871739623996,516190.0
2025-10-27,华夏中证动漫游戏ETF,125778534.7292,92386187.9509,0.8592728996615595,516190.0
2025-10-28,华夏中证动漫游戏ETF,-78785532.4242,92386187.9509,-0.6166897789148924,516190.0
2025-10-29,华夏中证动漫游戏ETF,-10236846.6698,92386187.9509,-0.10508493008861827,516190.0
2025-10-30,华夏中证动漫游戏ETF,99856499.8873,92386187.9509,0.7327810865872952,516190.0
2025-10-31,华夏中证动漫游戏ETF,110157566.6875,92386187.9509,0.7849784490713672,516190.0
2025-05-06,华夏中证文娱传媒ETF,0.0,1.0,0.0,159869.0
2025-05-07,华夏中证文娱传媒ETF,-299935.9882,1.0,-12.611327692243655,159869.0
2025-05-08,华夏中证文娱传媒ETF,-301806.4842,1.0,-12.617544623550488,159869.0
2025-05-09,华夏中证文娱传媒ETF,0.0,1.0,0.0,159869.0
2025-05-12,华夏中证文娱传媒ETF,297652.5038,1.0,12.603685350056011,159869.0
2025-05-13,华夏中证文娱传媒ETF,0.0,1.0,0.0,159869.0
2025-05-14,华夏中证文娱传媒ETF,0.0,1.0,0.0,159869.0
2025-05-15,华夏中证文娱传媒ETF,-293103.8032,1.0,-12.58828551414574,159869.0
2025-05-16,华夏中证文娱传媒ETF,0.0,1.0,0.0,159869.0
2025-05-19,华夏中证文娱传媒ETF,0.0,1.0,0.0,159869.0
2025-05-20,华夏中证文娱传媒ETF,0.0,1.0,0.0,159869.0
2025-05-21,华夏中证文娱传媒ETF,0.0,1.0,0.0,159869.0
2025-05-22,华夏中证文娱传媒ETF,-591581.3063,1.0,-13.290556101156513,159869.0
2025-05-23,华夏中证文娱传媒ETF,0.0,1.0,0.0,159869.0
2025-05-26,华夏中证文娱传媒ETF,-295574.223,1.0,-12.596678645192672,159869.0
2025-05-27,华夏中证文娱传媒ETF,-294025.2809,1.0,-12.591424433142024,159869.0
2025-05-28,华夏中证文娱传媒ETF,0.0,1.0,0.0,159869.0
2025-05-29,华夏中证文娱传媒ETF,0.0,1.0,0.0,159869.0
2025-05-30,华夏中证文娱传媒ETF,-294838.0263,1.0,-12.594184812828637,159869.0
2025-06-03,华夏中证文娱传媒ETF,0.0,1.0,0.0,159869.0
2025-06-04,华夏中证文娱传媒ETF,0.0,1.0,0.0,159869.0
2025-06-05,华夏中证文娱传媒ETF,0.0,1.0,0.0,159869.0
2025-06-06,华夏中证文娱传媒ETF,301581.091,1.0,12.616797533379403,159869.0
2025-06-09,华夏中证文娱传媒ETF,0.0,1.0,0.0,159869.0
2025-06-10,华夏中证文娱传媒ETF,0.0,1.0,0.0,159869.0
2025-06-11,华夏中证文娱传媒ETF,-305533.8798,1.0,-12.629819223907989,159869.0
2025-06-12,华夏中证文娱传媒ETF,-309183.3104,1.0,-12.641692851846507,159869.0
2025-06-13,华夏中证文娱传媒ETF,0.0,1.0,0.0,159869.0
2025-06-16,华夏中证文娱传媒ETF,0.0,1.0,0.0,159869.0
2025-06-17,华夏中证文娱传媒ETF,0.0,1.0,0.0,159869.0
2025-06-18,华夏中证文娱传媒ETF,0.0,1.0,0.0,159869.0
2025-06-19,华夏中证文娱传媒ETF,0.0,1.0,0.0,159869.0
2025-06-20,华夏中证文娱传媒ETF,0.0,1.0,0.0,159869.0
2025-06-23,华夏中证文娱传媒ETF,0.0,1.0,0.0,159869.0
2025-06-24,华夏中证文娱传媒ETF,303973.1353,1.0,12.624697895518745,159869.0
2025-06-25,华夏中证文娱传媒ETF,0.0,1.0,0.0,159869.0
2025-06-26,华夏中证文娱传媒ETF,0.0,1.0,0.0,159869.0
2025-06-27,华夏中证文娱传媒ETF,0.0,1.0,0.0,159869.0
2025-06-30,华夏中证文娱传媒ETF,0.0,1.0,0.0,159869.0
2025-07-01,华夏中证文娱传媒ETF,-625319.7568,1.0,-13.346020007950875,159869.0
2025-07-02,华夏中证文娱传媒ETF,0.0,1.0,0.0,159869.0
2025-07-03,华夏中证文娱传媒ETF,-308629.1653,1.0,-12.639898962999935,159869.0
2025-07-04,华夏中证文娱传媒ETF,-311627.0743,1.0,-12.649565686160269,159869.0
2025-07-07,华夏中证文娱传媒ETF,629172.3973,1.0,13.352162169075351,159869.0
2025-07-08,华夏中证文娱传媒ETF,317076.8056,1.0,12.666902466276204,159869.0
2025-07-09,华夏中证文娱传媒ETF,0.0,1.0,0.0,159869.0
2025-07-10,华夏中证文娱传媒ETF,0.0,1.0,0.0,159869.0
2025-07-11,华夏中证文娱传媒ETF,-643007.9165,1.0,-13.373913870153158,159869.0
2025-07-14,华夏中证文娱传媒ETF,0.0,1.0,0.0,159869.0
2025-07-15,华夏中证文娱传媒ETF,0.0,1.0,0.0,159869.0
2025-07-16,华夏中证文娱传媒ETF,959618.8875,1.0,13.77429253451408,159869.0
2025-07-17,华夏中证文娱传媒ETF,0.0,1.0,0.0,159869.0
2025-07-18,华夏中证文娱传媒ETF,319253.5204,1.0,12.673743933230721,159869.0
2025-07-21,华夏中证文娱传媒ETF,319445.3989,1.0,12.674344773154305,159869.0
2025-07-22,华夏中证文娱传媒ETF,318656.1346,1.0,12.671870990574948,159869.0
2025-07-23,华夏中证文娱传媒ETF,4154227.9776,1.0,13.863648409599856,159869.0
2025-07-24,华夏中证文娱传媒ETF,0.0,1.0,0.0,159869.0
2025-07-25,华夏中证文娱传媒ETF,322883.4416,1.0,12.685049772247018,159869.0
2025-07-28,华夏中证文娱传媒ETF,324079.7253,1.0,12.688747915901715,159869.0
2025-07-29,华夏中证文娱传媒ETF,0.0,1.0,0.0,159869.0
2025-07-30,华夏中证文娱传媒ETF,0.0,1.0,0.0,159869.0
2025-07-31,华夏中证文娱传媒ETF,0.0,1.0,0.0,159869.0
2025-08-01,华夏中证文娱传媒ETF,-643370.8577,1.0,-13.37447815285531,159869.0
2025-08-04,华夏中证文娱传媒ETF,-326824.3295,1.0,-12.69718114661436,159869.0
2025-08-05,华夏中证文娱传媒ETF,-1979870.4655,1.0,-13.401121511409494,159869.0
2025-08-06,华夏中证文娱传媒ETF,-661670.0403,1.0,-13.401121511409494,159869.0
2025-08-07,华夏中证文娱传媒ETF,-1330343.7458,1.0,-13.401121511409494,159869.0
2025-08-08,华夏中证文娱传媒ETF,-332014.0184,1.0,-12.71293548302008,159869.0
2025-08-11,华夏中证文娱传媒ETF,-333356.4708,1.0,-12.716970679074514,159869.0
2025-08-12,华夏中证文娱传媒ETF,0.0,1.0,0.0,159869.0
2025-08-13,华夏中证文娱传媒ETF,0.0,1.0,0.0,159869.0
2025-08-14,华夏中证文娱传媒ETF,0.0,1.0,0.0,159869.0
2025-08-15,华夏中证文娱传媒ETF,-670197.9562,1.0,-13.401121511409494,159869.0
2025-08-18,华夏中证文娱传媒ETF,-344158.5625,1.0,-12.748860673289684,159869.0
2025-08-19,华夏中证文娱传媒ETF,345358.6724,1.0,12.75234168165351,159869.0
2025-08-20,华夏中证文娱传媒ETF,0.0,1.0,0.0,159869.0
2025-08-21,华夏中证文娱传媒ETF,0.0,1.0,0.0,159869.0
2025-08-22,华夏中证文娱传媒ETF,0.0,1.0,0.0,159869.0
2025-08-25,华夏中证文娱传媒ETF,0.0,1.0,0.0,159869.0
2025-08-26,华夏中证文娱传媒ETF,740363.6064,1.0,13.514898055189322,159869.0
2025-08-27,华夏中证文娱传媒ETF,368947.7009,1.0,12.818412891406998,159869.0
2025-08-28,华夏中证文娱传媒ETF,359870.3599,1.0,12.793501912962313,159869.0
2025-08-29,华夏中证文娱传媒ETF,0.0,1.0,0.0,159869.0
2025-09-01,华夏中证文娱传媒ETF,0.0,1.0,0.0,159869.0
2025-09-02,华夏中证文娱传媒ETF,0.0,1.0,0.0,159869.0
2025-09-03,华夏中证文娱传媒ETF,0.0,1.0,0.0,159869.0
2025-09-04,华夏中证文娱传媒ETF,1054260.7853,1.0,13.863648409599856,159869.0
2025-09-05,华夏中证文娱传媒ETF,705680.7491,1.0,13.466919634531775,159869.0
2025-09-08,华夏中证文娱传媒ETF,-1085341.6618,1.0,-13.401121511409494,159869.0
2025-09-09,华夏中证文娱传媒ETF,-365251.7426,1.0,-12.808344838414323,159869.0
2025-09-10,华夏中证文娱传媒ETF,368442.959,1.0,12.817043900348969,159869.0
2025-09-11,华夏中证文娱传媒ETF,367618.2662,1.0,12.814803078862852,159869.0
2025-09-12,华夏中证文娱传媒ETF,0.0,1.0,0.0,159869.0
2025-09-15,华夏中证文娱传媒ETF,-374140.13,1.0,-12.83238835815813,159869.0
2025-09-16,华夏中证文娱传媒ETF,1134867.2825,1.0,13.863648409599856,159869.0
2025-09-17,华夏中证文娱传媒ETF,-379870.7532,1.0,-12.847588983160522,159869.0
2025-09-18,华夏中证文娱传媒ETF,-1146743.1633,1.0,-13.401121511409494,159869.0
2025-09-19,华夏中证文娱传媒ETF,-1137004.2045,1.0,-13.401121511409494,159869.0
2025-09-22,华夏中证文娱传媒ETF,0.0,1.0,0.0,159869.0
2025-09-23,华夏中证文娱传媒ETF,0.0,1.0,0.0,159869.0
2025-09-24,华夏中证文娱传媒ETF,-374929.676,1.0,-12.834496423863092,159869.0
2025-09-25,华夏中证文娱传媒ETF,387718.6519,1.0,12.868037810793286,159869.0
2025-09-26,华夏中证文娱传媒ETF,1520267.2059,1.0,13.863648409599856,159869.0
2025-09-29,华夏中证文娱传媒ETF,0.0,1.0,0.0,159869.0
2025-09-30,华夏中证文娱传媒ETF,0.0,1.0,0.0,159869.0
2025-10-09,华夏中证文娱传媒ETF,749269.805,1.0,13.52685575256116,159869.0
2025-10-10,华夏中证文娱传媒ETF,734948.4793,1.0,13.507557040186313,159869.0
2025-10-13,华夏中证文娱传媒ETF,2144008.3526,1.0,13.863648409599856,159869.0
2025-10-14,华夏中证文娱传媒ETF,-356853.8984,1.0,-12.785084531080958,159869.0
2025-10-15,华夏中证文娱传媒ETF,1059021.8821,1.0,13.863648409599856,159869.0
2025-10-16,华夏中证文娱传媒ETF,0.0,1.0,0.0,159869.0
2025-10-17,华夏中证文娱传媒ETF,0.0,1.0,0.0,159869.0
2025-10-20,华夏中证文娱传媒ETF,0.0,1.0,0.0,159869.0
2025-10-21,华夏中证文娱传媒ETF,-347804.4574,1.0,-12.759398571981054,159869.0
2025-10-22,华夏中证文娱传媒ETF,0.0,1.0,0.0,159869.0
2025-10-23,华夏中证文娱传媒ETF,0.0,1.0,0.0,159869.0
2025-10-24,华夏中证文娱传媒ETF,0.0,1.0,0.0,159869.0
2025-10-27,华夏中证文娱传媒ETF,0.0,1.0,0.0,159869.0
2025-10-28,华夏中证文娱传媒ETF,350925.3094,1.0,12.768331535677179,159869.0
2025-10-29,华夏中证文娱传媒ETF,0.0,1.0,0.0,159869.0
2025-10-30,华夏中证文娱传媒ETF,0.0,1.0,0.0,159869.0
2025-10-31,华夏中证文娱传媒ETF,10458428.4513,1.0,13.863648409599856,159869.0
